,ARIMA_Order,AIC,RMSE,MAE,MAPE(%),DirAcc(%),Train_Size,Test_Size,Predictability_Rank,AIC_Normalized,Performance
Company_Close,"(0, 1, 0)",57.82319179369422,1.506441768336606,1.3916667302449544,12.865838152418377,9.090909090909092,48,12,3.0,71.98283043223532,Poor
Company_Returns,"(0, 0, 0)",239.69611753100472,3.0451226404977385,2.4269756596250525,83.33333283116593,0.0,47,12,4.0,99.99999999845951,Poor
EUR_USD,"(2, 0, 0)",-409.451988970673,0.012957084108763969,0.011156828581605069,1.2852414473237406,27.27272727272727,48,12,2.0,0.0,Excellent
EUR_Returns,"(0, 0, 1)",46.483476950495835,0.42432720212000974,0.36171372577439626,103.32587999050568,0.0,47,12,6.0,70.23596947254855,Poor
JPY_USD,"(2, 0, 0)",122.53034527163186,2.2393302181539605,2.013835428103396,1.2677443653402536,36.36363636363637,48,12,1.0,81.9508412496209,Excellent
JPY_Returns,"(0, 0, 1)",79.78045334066692,0.33231233407343397,0.3083576375194493,98.77066415731682,9.090909090909092,47,12,5.0,75.36530375792431,Poor
