,ARIMA_Order,AIC,RMSE,MAE,MAPE(%),DirAcc(%),Train_Size,Test_Size,Predictability_Rank,AIC_Normalized,Performance
SP500_Close,"(0, 1, 0)",505.48918927348353,78.9851994560614,71.04867788461539,1.0366631494398388,0.0,49,13,3.0,99.99999999891791,Excellent
SP500_Returns,"(1, 0, 1)",98.0924356854596,0.723495603307128,0.6033013283292792,111.04519113986836,66.66666666666666,48,13,5.0,55.91619243707638,Poor
EUR_USD,"(0, 1, 0)",-418.6522951300863,0.009667339153443052,0.008284615384615428,0.9728546993156815,0.0,49,13,2.0,0.0,Excellent
EUR_Returns,"(0, 0, 1)",38.00602905421519,0.42757238500577005,0.3084093049586621,100.76385026100108,0.0,48,13,4.0,49.41433015249629,Poor
JPY_USD,"(2, 0, 0)",124.19624589264282,1.1098059023345868,0.9309062613435165,0.600287285656089,50.0,49,13,1.0,58.74084760594891,Excellent
JPY_Returns,"(1, 0, 0)",82.01031761323934,0.4764682702042094,0.39038816894497946,128.23188360041925,50.0,48,13,6.0,54.1759699339793,Poor
